"","V1","V2","V3","V4","V5","V6","V7","V8","V9","V10","V11","V12"
"1",0.000177797063175747,0.00026105920976463,0.000394518621608875,0.000545228868019785,0.000407089154614789,0.000502994054777312,0.000618582331378792,0.000583686459194635,0.00048482396998618,0.00116154861917652,0.000592550067917944,0.000510542214906654
"2",0.000159970564464938,0.00023622304250456,0.000322872194326377,0.000559180288855573,0.000443435429727334,0.000537579075754221,0.000620929521868511,0.000582844996603545,0.000513699987372396,0.000964810656840012,0.000648384586184925,0.000651611542330603
"3",0.000160717660641996,0.000240871789711068,0.000316393416429432,0.000568684043471274,0.00044602378887096,0.000439712899615376,0.000653146186620315,0.000552151993228265,0.000448261528498105,0.0007539511963663,0.000560910936109842,0.000490110330079527
"4",0.0114913087498616,0.0127769848987242,0.00680238730494468,0.0142817308589314,0.00824579759257025,0.00721806015839544,0.00858318956537408,0.00828778361045785,0.00576023726022546,0.00959749196108748,0.00721533477749739,0.00629750090033544
"5",0.00181307719377022,0.00353796573510123,0.00295341469134406,0.00336980807321649,0.00318562313244879,0.00314266259717536,0.00273177502288542,0.00357799860272599,0.00288095289101337,0.00371981056562512,0.00316693890218102,0.00313074592837855
"6",0.000302891164880921,0.00062315804879663,0.000527508692951138,0.000769656373235489,0.000683743272984797,0.000658102808006286,0.000804575330343712,0.000717375037639273,0.000681559754715537,0.00104750084579385,0.000695849600382141,0.000672833651925375
"7",0.000191502312358456,0.000281458266239965,0.000310130200162918,0.000572596347387513,0.00044334204379304,0.000555225210343107,0.000713491242859323,0.000566990926774002,0.000556444534521163,0.000810897074581606,0.000587312607464437,0.000626154986219686
"8",0.000160353625136343,0.000237922708016865,0.000314836497332419,0.000569683754480079,0.000454405756102248,0.000456959925247359,0.000751344661466648,0.000538389848849512,0.000526594126813056,0.000742082458243673,0.000603908430359156,0.00052578852936254
"9",0.000158280789682143,0.000281899558362727,0.000282162466808881,0.000540789385227578,0.000484438710301568,0.00052842835849349,0.000748030079582621,0.000564870669563063,0.000513183460608686,0.00066483204103136,0.000679120660272159,0.000622327770883488
"10",0.000166603821897668,0.000265111642791382,0.000348100322745829,0.000500997185748588,0.000462289980653087,0.000565972933565316,0.000680727244744558,0.000652073080403507,0.000547127926946196,0.00101393034980912,0.000726986953697145,0.000531936304199778
"11",0.000189996841948529,0.000279097828540102,0.000435769018594491,0.000646978018961884,0.000503365973148012,0.000598760553914078,0.000680923895153362,0.000640141821216689,0.000499730569509652,0.00111630884546132,0.000647655441270288,0.000573247772344776
"12",0.00016922877919099,0.000243805039244435,0.000331549282581434,0.000563160212791884,0.000445229645117058,0.000467475048693831,0.000664096611969179,0.000598252822364127,0.00065727715387266,0.000766741629315822,0.000646545871100861,0.000729481677337297
"13",0.00016050634516731,0.000294773503793782,0.000397584712828085,0.00060800008162053,0.000457394754259655,0.00056511362643839,0.000757642207833441,0.000540302273196711,0.000571580266304294,0.00105800880077673,0.000597537193731023,0.000570132035413187
"14",0.000160485395064317,0.000270688330227261,0.000285979218348132,0.000493130907685747,0.000455456686945137,0.000566710873899022,0.000734807302599309,0.000587163615995207,0.000544358145770637,0.000634461101039248,0.000669815425860248,0.00055693071479708
"15",0.000168383083471199,0.000293484497849101,0.000376747921327743,0.000561627697755197,0.00056041490239202,0.000497905252459215,0.000769764986543912,0.000573405548113701,0.000655690962566166,0.000793172763773598,0.000619928176036805,0.000627984186390755
"16",0.000159453315537263,0.000337835045761382,0.000316990216798396,0.000584396530165687,0.000527173062897433,0.00049086576593697,0.000759861955225214,0.000588318885571345,0.000572562489610299,0.000726449266574266,0.000713625463440255,0.000635507025475257
"17",0.000166623349679556,0.000293636502007865,0.00032870381488742,0.000619936692940113,0.000477643716327481,0.000519949183133214,0.000683156003897924,0.000591962714519598,0.000503810109763944,0.000752579982056081,0.000561803892377378,0.000538423971401338
"18",0.0324477450688124,0.0291534600486835,0.0146419179051552,0.0366452259610951,0.0201812071962982,0.0160080325482995,0.0207500892302757,0.019490942260282,0.0139259950940452,0.0233143940790982,0.0166821648377016,0.0161667386845736
"19",0.00493224946741015,0.00945524954071331,0.00827482944217342,0.00919453424103409,0.00814886344262431,0.0079720953046414,0.00780216680143381,0.00893987529776843,0.00702444620104961,0.00940384567580032,0.00894396244067043,0.00746696929590507
"20",0.000675230216666143,0.00145906867989051,0.00121542622566685,0.00133341081034269,0.00126068807191956,0.00125079035636016,0.00115154833677513,0.00144662871821041,0.00120959061415972,0.00148821748981889,0.00137443691488963,0.00130807242645268
"21",0.00177527521947061,0.00292508815555701,0.00364532798604337,0.00512679183763271,0.00426199831203759,0.00433826342709441,0.00653197366797642,0.0054786275252257,0.00436227133713962,0.00689665112195182,0.00467700988811727,0.00500810607128113
"22",0.00250050293501197,0.00430919069226953,0.00457372907447729,0.00832390789168997,0.00751753019400191,0.00745469332949516,0.0105700900583747,0.00878467223918671,0.00782073883464165,0.0090769529991288,0.0080523305420629,0.00823361821293478
"23",0.00271442004898077,0.00383144621683128,0.00443850872649897,0.00947123547817757,0.00743998891648673,0.00768465537688516,0.0109971922894365,0.00925895202437599,0.00874792469866817,0.0111306324289203,0.00911563363855406,0.00937228032732915
"24",0.00286488841851826,0.00512212297415738,0.00568109610248932,0.010459351325621,0.00758642024119555,0.00767935307665996,0.0127204213392904,0.00895426307511319,0.00823754824382683,0.0140889730019317,0.00916348731975133,0.0133456379390122
"25",0.00362204227126818,0.0053247967674282,0.00693074756169685,0.00977532789726836,0.00845226419590217,0.00915977248772486,0.0126123345663104,0.0109456117534748,0.0081753524653886,0.0251852323123564,0.0131992206446736,0.0116928870845308
"26",0.0031209063088868,0.00481526924909403,0.00592095281604225,0.00839880560255202,0.00783924919621871,0.00889244123302033,0.0120054079752767,0.0094722067817151,0.0083148938474704,0.0118274337249174,0.0107147569557954,0.0100788610386439
"27",0.00301078080521149,0.00597892467682247,0.0045691003149897,0.00858826071265745,0.00732763254504277,0.0132827664561178,0.0124219245773003,0.00885779371595363,0.00801574771500019,0.0118216465779557,0.0100832424032104,0.0108762425751076
"28",0.00315343637559448,0.00553879712534428,0.00528292999219556,0.00934187828833646,0.00697947662928088,0.00930504655779055,0.011378579164852,0.0088557663908748,0.00856555472498033,0.00959867243932992,0.0104321349847786,0.0116924134260419
"29",0.00261107273071823,0.0041863008758974,0.00582173743677568,0.00834283059117421,0.00848326019938148,0.0073232646325981,0.0101376523944898,0.00941195950657599,0.0094171238314607,0.0140445431009531,0.00841652423826066,0.00849021957897146
"30",0.00265913693170441,0.00421937147644017,0.00482801137311114,0.00880017896293931,0.00756790250086164,0.00808215914163302,0.0112132676219888,0.00862605310773635,0.00809174311055877,0.0112593667457678,0.00880554952422132,0.00979799037799677
"31",0.0280459933992459,0.019365596062456,0.00932504073422615,0.0237565024609374,0.0137440871344253,0.0132536846400795,0.013907515934212,0.0116598956893512,0.010697628165517,0.017670115144981,0.0122345113682666,0.0126657091639122
"32",0.0245354337758452,0.0180310610661943,0.00992584491500497,0.0265666095628812,0.012642594558337,0.0132719047581386,0.0137857145396061,0.0134236009998565,0.0104603616165462,0.0181568103050223,0.0139720851131227,0.0128779283093558
"33",0.0233522843204899,0.0178872608787552,0.00716876939318371,0.0246609534446256,0.0131506274065001,0.0107994073506071,0.0137072119884766,0.0124778959806896,0.00931268543757444,0.0182381692978011,0.0105079955088047,0.0116998200551831
"34",0.00463350265017268,0.0126501564585397,0.011269707833595,0.0122944163486009,0.010302886375137,0.0127004936132909,0.0138879082222168,0.0130944516589689,0.0112277005038904,0.0166142179726589,0.0127183684316244,0.0128936222386501
"35",0.00259657805881037,0.00421185080063265,0.00481346781793656,0.00838757839136627,0.0074128977867736,0.0075003819747972,0.0124047808878603,0.00915789148483954,0.00792394271479971,0.0103315715260669,0.00799989192759507,0.00843080985282983
"36",0.0252996813141711,0.0126878673934426,0.00956610878898823,0.0215520401723555,0.0133404124656226,0.0121620736590422,0.0154152659482709,0.0165622459034538,0.0134502290455478,0.0164003664112014,0.0168922015957616,0.0204154591535347
"37",0.0252715174920975,0.0162701456535464,0.0100171194034631,0.023937970020472,0.0142776510948106,0.01021064708956,0.0188366695390464,0.0138709337254987,0.0113007102821869,0.0191610851289912,0.0143165506004675,0.0127149422078544
"38",0.00316790926195817,0.00625791364773057,0.00607585134890102,0.0093715950660133,0.010425085534847,0.00826103283133933,0.0159821474729867,0.00887376570469668,0.00877220987119924,0.0164286027203755,0.0090545973858204,0.0101556440588915
"39",0.00267846278963772,0.00470583547790152,0.00467930620103131,0.00909269126288788,0.00833295704024703,0.00841626941503479,0.0162403020729955,0.00936148548112654,0.0081026319837245,0.0100833478220585,0.00933043441135276,0.010981335458968
"40",0.00265962519719629,0.00450569038008452,0.00456215375272742,0.00801271449451091,0.00881029454118112,0.00895974338194912,0.0136411722938842,0.0104352549899166,0.00780747596875292,0.0121232988325998,0.0114409278261971,0.0115625286500143
"41",0.00294607039246643,0.00616355223768366,0.00565595575450752,0.00869699011138964,0.00853358363980502,0.00832151369031679,0.0125408938147216,0.00862395217963566,0.00733856772404047,0.0103442500460361,0.0100038666881107,0.0103778011402846
"42",0.01437065583996,0.013276926536857,0.00960772387206575,0.0232622639467576,0.013118958659201,0.0105911981659981,0.0161674779335845,0.0138077517841629,0.0101689752733576,0.0161791391394103,0.0137025137903525,0.0122870236616694
"43",0.0136502905545827,0.0128327565434229,0.00864180763600166,0.0183473452539021,0.0123917185816091,0.0101339619586421,0.018299143442414,0.0115464547587488,0.00970387789526505,0.0145399331337389,0.0122691546677784,0.00904473767667798
"44",0.0103591897311485,0.0104008639319903,0.00685474153080695,0.0150819585235578,0.0125506179107369,0.0099775553437911,0.0130857292486389,0.0106084894585161,0.0101283277606764,0.0120895860608088,0.0131867438764244,0.0104559366551882
"45",0.0093399203021873,0.0110527040524522,0.00950134790258942,0.0144859341037722,0.0134472504435127,0.0113485391134429,0.0139879471654175,0.0126447072109053,0.0113402163505819,0.0208358710115555,0.0126576733994694,0.0104518449395628
"46",0.00270533694740723,0.00558137513501888,0.00618286318134078,0.00833862537208372,0.0082577095868214,0.00890848688708619,0.0114559190756357,0.011259241995441,0.0104305649341928,0.0134969450953972,0.0136949019287153,0.00928090435762795
"47",0.00773620878600545,0.020092826451027,0.0133728307909055,0.0199691389229648,0.0125865270069174,0.0147152926755255,0.0159301148765871,0.0165911135400109,0.0123589503812924,0.0240531759233986,0.0191015518476374,0.0138278606231251
"48",0.0093173513902222,0.0182419615582639,0.00996149005728977,0.0189031886338051,0.0130887109527401,0.0111373529523187,0.0128444789435783,0.0143797894742433,0.0118897547506073,0.01865399659406,0.0167781367011568,0.0120031759678646
"49",0.0039527521465983,0.00666366690614335,0.00715595183060692,0.0104502052090513,0.0087433227046622,0.0101132270336634,0.0114472414394203,0.0119098331091998,0.00956741002203543,0.0115229187899354,0.0118742833586067,0.0101986562112103
"50",0.00280975779933301,0.00423062537844501,0.00645655687857627,0.0082201572483612,0.00795276628534649,0.00903806146139449,0.0115870263415443,0.00967210326659028,0.0107085790351988,0.0115690150729821,0.0138126705659503,0.0115145981371458
"51",0.00274317437888347,0.00396621040019947,0.00443436820978834,0.00893214106457035,0.00683788415227326,0.00838962976664062,0.0108334522162642,0.0086609539249137,0.00805454693330866,0.0124355484771577,0.00897372415504643,0.00982056101103766
"52",0.00242169509373659,0.00368220685708698,0.0043952326506554,0.00862516111398987,0.00731236338475874,0.0074821810855041,0.0107917811023378,0.00818327443732894,0.00808720872031139,0.00970440762073615,0.00805233812509757,0.0096049933493758
"53",0.00684336389484529,0.0266972307206766,0.0103060715585922,0.0129949446603937,0.0203688586558489,0.010308675593068,0.0160902227227333,0.0136939909303711,0.00926881376500164,0.0140027745730165,0.0123543637133489,0.0112897054007999
"54",0.00697358448314155,0.0307236138356194,0.00981520643916419,0.0131816224552216,0.0227729219018024,0.00979417337722695,0.012712215598679,0.0130151475384612,0.0105420408529623,0.0128410019036727,0.0130936228156074,0.012393137483665
"55",0.00552660998195345,0.00955237732088993,0.00743722660513868,0.0123195429690332,0.0110678439496964,0.00995843054574878,0.0147360759527412,0.0132104612270111,0.0118946460226924,0.0132445961509316,0.0117177689532045,0.0102283322623145
"56",0.00747664845204501,0.0354998061704738,0.0136216306172399,0.0161686979283649,0.0291229116665247,0.0128930532879133,0.0152563796242247,0.019641958850374,0.0119580409595618,0.0171580352481507,0.0124684799848932,0.0147432463431187
"57",0.00306555339926794,0.00637247002404043,0.00518375514462667,0.010650031927945,0.00881384189564951,0.0119052149256956,0.0124569291689931,0.011302005100609,0.00908320523997923,0.0155899967723968,0.00953593720248341,0.00892009661915289
"58",0.00811511500151741,0.0487824963985937,0.0147405671282581,0.0159906617731517,0.0225297745355285,0.0125474886920605,0.0143713558588666,0.0152201079268265,0.0148445461198273,0.0159337067223131,0.0131525113040626,0.0142056998581327
"59",0.00677872627483918,0.0486328786374277,0.0106809602828464,0.012907467990713,0.0192295639892927,0.01307438388725,0.0138801644900125,0.0135965218569937,0.0115108672533127,0.0147619542624594,0.011927563624125,0.0118303153792489
"60",0.00438554925737301,0.00885090691479633,0.00997059182967955,0.0120046826976778,0.0105769617155724,0.0110124171305238,0.0137665773616323,0.0110264630586098,0.00907472912603606,0.0143411089108499,0.0104341075087721,0.00956211289721147
"61",0.00299895344999732,0.00937254371060726,0.00611160959328165,0.0102858834220977,0.0102939102057621,0.00904430526275417,0.0118037071647307,0.00967175856863883,0.00828823907904425,0.00928761576839101,0.00898465426342351,0.00902348959720084
"62",0.00252103924147606,0.00463907438378922,0.00534759668483937,0.0101051675242085,0.00748005164450103,0.00777040453375732,0.0155497713513058,0.00898493817640719,0.00812569385546515,0.0158679009281937,0.00819821963028731,0.00783803456449175
"63",0.00279072203835361,0.00387475218350702,0.00527194567096731,0.0109772595332764,0.00723532832105995,0.00777741838353477,0.0113659879896024,0.00875128489894824,0.00806609382128579,0.0137031818776941,0.00856123128901322,0.008014194909521
"64",0.00702564781655775,0.0502357966793369,0.00990995805229819,0.0168218771407106,0.0218371536292737,0.0128379842487262,0.0130278442495469,0.0136665341649585,0.011516929149547,0.0144882982111515,0.0125718496131141,0.0112834356914978
"65",0.00376808269243615,0.046848529703182,0.00921630413115075,0.0107449249367361,0.019756081896599,0.0123227147936821,0.0118636489402847,0.0124384866974166,0.00938600531996722,0.0138489929464984,0.0103240355077464,0.00951781916233599
"66",0.00741309523241724,0.0125818493073367,0.00945163150997738,0.0157989454069952,0.0131669285356353,0.0130922063205272,0.0139884025734104,0.0119847787346253,0.011103543971953,0.014274533501623,0.0127433172222712,0.0114635273660212
"67",0.00744878973775248,0.0465557069448206,0.0131502282359041,0.01516598592313,0.0226372580594901,0.0143682822830552,0.0125547831714662,0.0138569614178267,0.0111310417670115,0.0135428660463028,0.0123310989939903,0.0119082207851664
"68",0.0029010810605879,0.00638610947609107,0.00695539619332036,0.00920209092403722,0.00733511004617997,0.00973995781149727,0.01303421534303,0.00968228336425289,0.00933590148473295,0.0137293266081489,0.0109231917717568,0.00912798120904907
"69",0.00779309397493817,0.0640825884304337,0.0187569694556179,0.0149124287124154,0.0179677614439083,0.0170536088295671,0.0144938370699714,0.0157469098740937,0.0123023764930573,0.0204389137161497,0.012508363335214,0.0144107599334239
"70",0.00545851116277626,0.0497282899281168,0.0142285891857417,0.0130257178428949,0.020896344152524,0.0145885807800965,0.0138269538777015,0.0139139950146865,0.0111793600943518,0.022574700868271,0.0139281838251478,0.013075857400083
"71",0.00536212784729835,0.00885753552873069,0.00998930287555806,0.0123484975921779,0.0106100679474333,0.0120432092961501,0.0130317160356659,0.0119601679837257,0.0107200538798177,0.0135878422502399,0.0142261490050016,0.0148852749307008
"72",0.00289947640594077,0.0047397788762353,0.00484329428910344,0.0085211735904378,0.00725331598794427,0.00767516247340793,0.0110545364385261,0.00837545929854653,0.00798347993347576,0.00878654496039117,0.00894257696735526,0.00928318733802136
"73",0.00249736307483851,0.00394189541321257,0.00480627996069328,0.00829961253998774,0.00696889253708131,0.00706471084441196,0.0110413098199163,0.00895731185200352,0.00794675700116758,0.009146002211495,0.00929606003286236,0.0100651998301674
"74",0.00247010301738434,0.00446304553958748,0.00387152856751717,0.00834965772500445,0.00725648973788537,0.00798725023465761,0.0108199133046071,0.00959247420593572,0.00760275035231176,0.0106964484264655,0.00825445591545025,0.00778801347695373
"75",0.00385641361814824,0.0246055277080047,0.0106513092762376,0.0104622240850647,0.01746585901066,0.0139895584453058,0.0107726941904629,0.0138209596443293,0.0120289288148007,0.0151736516259981,0.0108952092111571,0.0140800719059076
"76",0.00447986029233606,0.00965471322541501,0.0116646926775287,0.0127519721964751,0.0115088877967291,0.011833368520122,0.0117729014814431,0.0118654762573412,0.00921227231811311,0.0147661371610393,0.0116341168438925,0.0103611230055695
"77",0.00413053366294124,0.0253821309753483,0.0156942167823269,0.0120156401659928,0.0174848305022284,0.0192781880463606,0.0126439696080033,0.0133796223998037,0.0137247694621983,0.0148274212097315,0.0127979203571851,0.0134538714273687
"78",0.00477204757648945,0.0195556820136551,0.0155268179469844,0.0107450548933289,0.0155137433858217,0.0153539382016571,0.0109580494452197,0.0133126008721931,0.0121608955877693,0.0139410628410674,0.0124541411177875,0.0129154731018145
"79",0.00308926687905341,0.00550714609732501,0.00809156307423578,0.0102568836643112,0.0091760965910885,0.0086966254748791,0.0111785103381106,0.00887187462483097,0.00878360440732024,0.0175849015180152,0.00887335999125412,0.00906998535789047
"80",0.00329866484387626,0.0153141702585214,0.0252909679924867,0.0110108584377886,0.0130088494612505,0.0240893123385928,0.010533266963654,0.014309957491839,0.0138372902883278,0.0118408704124749,0.0133883277503547,0.0130212455051127
"81",0.00471218893780285,0.00911649658022609,0.0227971821764894,0.0110862967507272,0.0103642355173397,0.019466522307499,0.0107272645546836,0.0113911420457182,0.0112372651964545,0.0148443094755329,0.0123943689796266,0.010535069648189
"82",0.00379932025495421,0.0132809141916226,0.0167511545296065,0.0102568858506248,0.0116221510803035,0.0141853552232594,0.0127756221002334,0.0126335012967986,0.0138209665502585,0.0136210480174502,0.0126518360309707,0.015155893901909
"83",0.00282472434009941,0.00424506622787898,0.00572242394248012,0.00868201758600175,0.00801751350463843,0.00869555103448748,0.0103116412473478,0.00912887970614463,0.00924688786345613,0.0124658694554592,0.00941035832932847,0.0148961075597356
"84",0.00270474562216974,0.0040525133194184,0.00562206885155828,0.00951823663626108,0.00749191848886641,0.00942960197979458,0.0104214958425945,0.0089123237008613,0.00791941071767825,0.0101348639410703,0.0101004006497753,0.00878457389097574
"85",0.00323050856839537,0.00521560720051405,0.00512428546499786,0.0100758256156662,0.00828238889811381,0.00898622938098756,0.0119765947267357,0.0120413639408965,0.00803626052797703,0.0125756806162058,0.0116497440560717,0.00920746710922547
"86",0.00336927786020468,0.00635660230977751,0.0363230635700075,0.00956996133958408,0.0085140474207617,0.020173384013267,0.0106424060954797,0.00987614146646249,0.01048176860662,0.0120498292427319,0.0110372690718215,0.00961503410515308
"87",0.00434484109865664,0.00950805777593661,0.014478481797786,0.0103303976561444,0.0124809442240922,0.0131229546300275,0.0141933728107502,0.0139319517088781,0.0119997731986708,0.0124733487602276,0.0142683173598406,0.0109128189918216
"88",0.0042525665994863,0.0117837932941667,0.0544435823028714,0.00982083243869323,0.0133946254968854,0.0270076726224887,0.0118961379615488,0.0134928795059167,0.014347704723298,0.0138289049516801,0.0142897860279818,0.0125383860566719
"89",0.00381918752814139,0.0120666008555853,0.0535112218552838,0.0102430637566686,0.0121830443562614,0.023015892721824,0.0122455209127655,0.0144766645477764,0.0167622622299789,0.0131374829219396,0.0180713725481726,0.0134087135466873
"90",0.00297124969873416,0.00440422398391024,0.0055763780675249,0.00993371803155251,0.00802841209681459,0.00870649548758321,0.0140405850212047,0.0110447375437833,0.00848552603735269,0.017471376349676,0.0113153936840791,0.0113527325568205
"91",0.00319007264648434,0.0084482318694898,0.0685153070080153,0.00999520487826106,0.00924224506916925,0.0246731367326372,0.0102614620393398,0.0123586788650325,0.0146334986220167,0.0124735814906407,0.0119000850138495,0.0131945001655603
"92",0.00424110091191209,0.010462075585057,0.0115510008019609,0.011188628368893,0.0138370726208526,0.0102950803446153,0.0112916185673319,0.0159842808296378,0.0120643632059788,0.0138263864466962,0.0159802097572474,0.0138509188713543
"93",0.00448182435002548,0.0116508582688408,0.0492831988059671,0.0106497884821904,0.012927481568663,0.0202053945394694,0.0110831073236237,0.0138938379761126,0.013797297471549,0.0130724768092731,0.012108529148607,0.0145694875334442
"94",0.00253640666479687,0.00490005778753578,0.00563208576999493,0.0088188558441645,0.00895586620305345,0.00764415102788943,0.0103686804254488,0.0087579117190614,0.00798396952170228,0.0137998742657937,0.00850697063174872,0.00883523177149982
"95",0.00272760986006387,0.00495791253697058,0.00492039682511876,0.00975301981025349,0.00758398051632059,0.00885819807694527,0.010079077816908,0.00899213279808255,0.00873323880072143,0.0101519978647758,0.00952868484840119,0.0112423193638314
"96",0.00252806797539182,0.00489142600004523,0.00498915976228928,0.00832383469541801,0.00727025613427136,0.00726278896546718,0.0101711443077282,0.0090588477668609,0.00831858679037579,0.00938935155223977,0.00870406348197691,0.00832807137187047
"97",0.00251987124015758,0.00385150859806841,0.0167214178921512,0.00825178306961021,0.00796276498279784,0.0453772392292877,0.0103520296251587,0.00861906553198495,0.00991416712572863,0.00967343591657988,0.00869235319851411,0.00890488674534786
"98",0.00416753722351851,0.011946089002268,0.0231358695138264,0.0110849834093392,0.0121661815928071,0.027739335082597,0.012265650288098,0.0141661800532729,0.01556533598026,0.017212644378288,0.0128058542921172,0.0130304544862388
"99",0.00349555509327702,0.0105839394140309,0.0273576899581196,0.0100388805401437,0.0139288990779365,0.052291688671817,0.0113202889879255,0.0133081300333762,0.0167533247273889,0.0125342390570173,0.0134894765338863,0.0134914048020039
"100",0.00399195013552133,0.00983772670755196,0.0197858449620219,0.0105592562194774,0.0143162357933833,0.051923600982936,0.0103731401299554,0.0132065219785644,0.0172251327699189,0.0148156739606897,0.0150775782496931,0.015824313647795
"101",0.00286084749829662,0.00479215780104916,0.0047441999092913,0.0087365476161004,0.00770809827717783,0.00791175911125168,0.00991513255257761,0.00890009975175653,0.00805310091196478,0.0123543858052645,0.00901932525220268,0.00906873977361174
"102",0.00248914768997571,0.00387835598280668,0.0151894574283548,0.00790906281776933,0.00783225604001738,0.0611509795098485,0.010946852252131,0.00838245738974514,0.0154587775382907,0.012450212736196,0.00856397397756506,0.0111563207264952
"103",0.00557875587323477,0.0161209903285755,0.0185153179208921,0.0135587221249843,0.0168284459225176,0.0201856132100942,0.0125502124043017,0.0149754910262079,0.0128784447340039,0.0179960214917505,0.0153252813881131,0.0129063862784526
"104",0.00402025498007374,0.0125823550330172,0.0219448354775325,0.0111882874437924,0.0137574891685531,0.0513887742101881,0.0140669464242524,0.015216666261567,0.0184971818160568,0.014138903876348,0.0132098283849642,0.0164495402210468
"105",0.00337927659451362,0.00412070421064731,0.00631265741214401,0.00928337027928904,0.00791226269335848,0.00835998291326659,0.00989184999132063,0.00962836614026754,0.00865450142769231,0.0133644356659605,0.00872530880537655,0.00985617067293208
"106",0.00310229095231806,0.00449194026071159,0.00570683130060906,0.00825528321927283,0.00675763610236305,0.00820358715365017,0.00993194110125542,0.00839558051754944,0.00912580578432109,0.0135324646078289,0.00842527372130889,0.00863802274771366
"107",0.00262381233082318,0.00504354945456473,0.00489192038026782,0.0085354935325125,0.00759018088223934,0.00834142027793153,0.0115851812711565,0.00896781764994141,0.00913460827804276,0.0135187456957053,0.00777144743121868,0.00777927870620036
"108",0.00301138214336048,0.0039069404381391,0.00677010307701085,0.0087279531135645,0.00712731418619729,0.00842654381513677,0.0126258315976677,0.0094115959930102,0.00797000443381861,0.0137704881066298,0.00849301363958628,0.00802281674589187
"109",0.00493871023558448,0.0119798928363597,0.0253586481308583,0.0121267631406017,0.0133686794631325,0.0257664003377384,0.0151694674193205,0.0150684578786137,0.0150050291352608,0.0160942782345767,0.014220723205834,0.0142599003859932
"110",0.00493435530215756,0.0122130557997834,0.018619903643783,0.0114531790219485,0.0151097302875361,0.0210267584997168,0.0132152072687939,0.0132894529804039,0.0144545523985111,0.0184312631448914,0.0139654088550112,0.0150499995428206
"111",0.00433629147126555,0.0132204248726354,0.0187455629528496,0.01310123200279,0.0205638175212954,0.0166091110290004,0.0155135313147821,0.0165319449751017,0.0147564195619624,0.0181927606666013,0.0141454545535912,0.0131747017338586
"112",0.00349860677536003,0.00579714218993519,0.00699687311756536,0.010830751974073,0.00978973989523662,0.00927261350945797,0.0111362117437067,0.00915200074485904,0.00858978945360097,0.0183248901127414,0.0100927968748968,0.00965536263320678
"113",0.0029590167154951,0.00500683751903712,0.00606132743879917,0.00892613567029895,0.00785642934054362,0.00854938594973388,0.0133405995011619,0.00920385340519257,0.00821623590996801,0.0131679870226037,0.00894836837060289,0.0085931926832504
"114",0.00504240577681937,0.014486069359628,0.0170676126230054,0.0138693618463726,0.0243721999320759,0.0204118839119291,0.0197233619015005,0.0159220135872639,0.0126130073597991,0.017097678845812,0.0132278439419786,0.0152070044106413
"115",0.00537289330086995,0.0214842068999288,0.019127953005152,0.0140254607826804,0.0291746464272761,0.0142189320576537,0.0173324789868002,0.0160454204310943,0.0143451824327675,0.0145405425008943,0.0133585465167274,0.012186145617062
"116",0.00271269104667502,0.00426351529805638,0.00465219005601661,0.00800765416058605,0.00731740024076877,0.00785527098735936,0.012651178502403,0.0088149134727289,0.00767629524259005,0.00956064170740624,0.00932333708498993,0.00929974805333457
"117",0.00272396348963073,0.00377231205311278,0.00479705685066583,0.00928118943087408,0.00725601106650799,0.00820672283918248,0.0113667700052588,0.0094350550350634,0.00780813924864862,0.0101375359609936,0.00846755364965482,0.00964653002279147
"118",0.00276161884603337,0.00416348643529438,0.00433828480145205,0.00797852733635046,0.00760181538417092,0.00741731323666074,0.010541076247947,0.00961484403708918,0.0081865972006067,0.0155853518430801,0.00881078600088164,0.00975706214173584
"119",0.00371565579746714,0.00624296875494091,0.00835731188913205,0.0127887712398516,0.00943951116600173,0.00943896277789753,0.0116635805533534,0.00942226126639706,0.00989214479475192,0.0185686690314938,0.00878146007632259,0.0143206041634822
"120",0.00641146985298275,0.0223308994863434,0.0141780209565309,0.0149803757671856,0.0508939699442231,0.0155701225597073,0.0129385134433785,0.0181864403221309,0.014371711690206,0.017662559019232,0.0110557390442775,0.013460334218261
"121",0.00503597203586818,0.019352705153221,0.0151199062451949,0.0149670498787175,0.0575628269649044,0.0133723964733838,0.013664647019033,0.0203431926446368,0.0108878502611779,0.0157893294297015,0.0131831627057013,0.0121293840309784
"122",0.00547062167348753,0.0190493526691919,0.0158313371528213,0.0150618860825879,0.0548360694070034,0.0126403427006592,0.0132299773302199,0.0196989616902862,0.0103648319863903,0.0136409997094907,0.0111693951022877,0.0108827724496917
"123",0.00357211876699269,0.00694496802079537,0.00903787634927674,0.0108150909476508,0.00913641409533332,0.0094059202639524,0.0136953505843016,0.0112795037181615,0.00939065922015984,0.0156544928268336,0.00935703668023206,0.0120852033721294
"124",0.0025451894817717,0.00417133226421835,0.00663159625848143,0.0103488372565452,0.00849205235315668,0.00833815476428805,0.0125790314859471,0.00956893147249196,0.00813088556007824,0.0157285223901938,0.00877973856801781,0.0114371834633395
"125",0.00685169470303583,0.0217060628029305,0.0128593096483766,0.0192800138660935,0.0668194871920072,0.0197666780846581,0.0174502405194378,0.0190695498339518,0.011736775947468,0.0208796628888927,0.0152139395412753,0.0135816557519549
"126",0.00571619346114937,0.0210710114119202,0.013953907923524,0.0163088292810424,0.0502001963878129,0.0127990383782011,0.0139279056439071,0.0182309379527792,0.0108652220242368,0.0134909363322427,0.0123784368966989,0.0115325104066256
"127",0.00293671477482066,0.00518908854983327,0.00528078082842416,0.00916744188816667,0.00747544283522241,0.00860484947395985,0.0111070124838868,0.00938071594094623,0.00862181386157412,0.0101819805796582,0.00908660596731876,0.00912445204080894
"128",0.00259410739046992,0.00423559568062263,0.00454723676247327,0.00922432834089992,0.00747279191396611,0.00851084366730627,0.0105657004533318,0.00896501684157874,0.00860379741527841,0.0120662482034653,0.00891358115614005,0.00907524603563341
"129",0.00286307030666471,0.00455243080689342,0.00525656079688624,0.00949914074813097,0.00778608963059656,0.0118641629902105,0.0106262260621838,0.00869333588885271,0.00823669308231902,0.0123302251107168,0.00939099188931464,0.00920231009877521
"130",0.0029079690683044,0.00545796931492907,0.00688804588833829,0.00981510589894988,0.00877316441669356,0.00908121089352406,0.0114783822588998,0.0110337124781819,0.00901888209296684,0.0161083974592737,0.00877895403883101,0.00879105819227577
"131",0.00831437409607038,0.0248516170551081,0.0103234394182934,0.0152097498171764,0.0232534578402176,0.0118269508999703,0.0141314039224263,0.0160564810487149,0.0114934093102236,0.0152054030939727,0.0114233617366268,0.0105463740486782
"132",0.00674365993649016,0.0166556332688221,0.00927639637864162,0.0159640462868357,0.0231988407924892,0.0116876857686858,0.0141551273474426,0.0150519371589497,0.0114420059407929,0.0142690811982713,0.0132280547037783,0.0105667490030309
"133",0.00636593330857847,0.0144510522662293,0.00750447846556287,0.017053874295669,0.0193448208393589,0.0101124093882241,0.0132404365522266,0.0135417363219107,0.00965421211308286,0.0138446242000914,0.0102418181272454,0.00954218424131416
"134",0.00456454992903236,0.00826610162044489,0.00870184251489762,0.00997679008601693,0.0105831821529205,0.00944811193836814,0.0116707948176415,0.0111962263502737,0.00924937395826465,0.0108326744779287,0.0108017132954718,0.00936896138855664
"135",0.00293109695558682,0.00502670147075056,0.00406366447157806,0.00816530132522473,0.00755208999933683,0.00848787454651432,0.0106697328722838,0.00894083146951843,0.0077910994656982,0.011403077850506,0.00842774684979677,0.00931042574699263
"136",0.00869498902751046,0.0168627382023648,0.0152971529103637,0.0212259646155174,0.0192017598324614,0.0116009268186057,0.0166302880103997,0.0157896902435692,0.010517169154423,0.0184218332109351,0.015217383771758,0.0115065402991486
"137",0.00757636285302442,0.0141993546007143,0.00822016476966167,0.0264719252443663,0.0131145582717451,0.0111578858438171,0.0146496939837122,0.0135530723342764,0.0102889755575055,0.0146403746052918,0.0121157424788653,0.0111871754882584
"138",0.00325345952130866,0.00664902238176547,0.0055398098823853,0.00987269486997126,0.00762102262124051,0.00842755296740206,0.0106648939587821,0.0091448093008802,0.00875998458261,0.0109065387972624,0.00981923679927752,0.00849452779234812
"139",0.00270895071834693,0.00511156268725876,0.00456050094092186,0.00819628120916747,0.00689257582668765,0.0084518933083417,0.0113438570238351,0.0103519237524533,0.00859188930778187,0.00950116007700079,0.0083381258806506,0.00871126713515025
"140",0.00277794950987125,0.00483212282424717,0.00518774150982042,0.00843553504515226,0.00638078035948266,0.00787870826468657,0.0101643167179445,0.00879515547836886,0.00849057191333902,0.0130865973093329,0.00960593135396597,0.00824154971547013
"141",0.00250774430100798,0.00423309565579428,0.00520399186918671,0.00859321122728648,0.00761169537188067,0.0077831646745753,0.0128184178730434,0.0091655621951302,0.00834899714633466,0.00980172377667608,0.00895905753837145,0.00818987186983664
"142",0.00949073478438304,0.0107876915454627,0.0093216863916227,0.0442054828241181,0.0139610374294504,0.0100033782211831,0.0188736586893103,0.0125784016111,0.00968518654514195,0.0168028164152115,0.0158918382651161,0.0108232442316506
"143",0.0117814109607327,0.00910140144342727,0.00942634340435851,0.0508798088231691,0.0107241669853548,0.0100603057628723,0.019879209211876,0.0117663294467554,0.00965933043288322,0.0162589983912183,0.0136455803834865,0.0110125085196013
"144",0.00698481205781141,0.00691896955027879,0.0064819828883973,0.0510195503382696,0.00924377054158217,0.00981101398394542,0.0162667876599906,0.010558359389273,0.00999377480132926,0.0141247369028038,0.0100133414213163,0.00989782898182712
"145",0.00842140551160913,0.0106205162027593,0.00879230337745085,0.0166049992371731,0.0106254082599054,0.0100394851006343,0.0165683197824579,0.0119226625676013,0.0107894319558705,0.0145096630234933,0.0145151071317592,0.013336058810547
"146",0.00392983652251537,0.0051908447957807,0.00622803511671328,0.0123224577084272,0.00790290210308216,0.00888969599489653,0.0108943432027855,0.0101018123618759,0.00875871241057891,0.019163952498207,0.00907777274072179,0.00900155670680098
"147",0.0129647297096089,0.0130673218884917,0.00878936816548427,0.0646137301725013,0.0156927345842347,0.0121355746438006,0.0179946883611445,0.0148361892837376,0.0111859766091742,0.0212896954753504,0.018368722714229,0.0134138795625824
"148",0.0130165946479441,0.0106798190308814,0.00798832211695502,0.0468254986903731,0.0129618366149147,0.00998512242754508,0.0171595340571491,0.012657814162164,0.00988166291483409,0.0193884479817099,0.0132266424052017,0.0136247636001265
"149",0.00370638766218153,0.00646343153826316,0.00701943496400918,0.0100778022035863,0.00948157417721736,0.0088005636983999,0.0100360393106793,0.01009790157262,0.00824263496865476,0.0131063253923232,0.0101466921312698,0.0113010756187537
"150",0.00305178859245265,0.00491014347972471,0.00425230782035931,0.00869011902108799,0.00778638277879212,0.00793257962729932,0.0105381347096635,0.0092068117286478,0.00904151203554301,0.00915025822489841,0.0113348221775036,0.00963620655651106
"151",0.00275320029500485,0.00392930016419511,0.00529683295829519,0.00847547805419916,0.00710264029807111,0.00809561224900731,0.0106653254309838,0.00845222709324973,0.00992464596505227,0.0101650791757092,0.00993442931600717,0.00820843926244285
"152",0.00273299367331712,0.00393588356517775,0.00422106811207043,0.00894751490171401,0.00762781646376633,0.0072029010280307,0.012539853632993,0.00876908888576856,0.00890016589052573,0.0146764733376743,0.00858308518160936,0.00809332562886282
"153",0.00573677736687877,0.00967651808082178,0.00790415495672732,0.0254338494237691,0.0110501187574564,0.00947898173542256,0.0317610553704578,0.0136851227853456,0.0107411285013304,0.0216891138166697,0.0127098169151369,0.0116633205559544
"154",0.00562490699914878,0.00828298378306777,0.00677245020438309,0.0208827872794082,0.0103958759169722,0.0104241559323585,0.0494497118140227,0.015933837057103,0.0112073594987715,0.0209302981381303,0.0134026588898368,0.0117451766302254
"155",0.00518907610799788,0.00865441768015323,0.00857459713578573,0.0116572281714373,0.0112028765524462,0.0109365842876099,0.0134516314779209,0.0129369282160935,0.010356618110295,0.0123698053108426,0.0114374206955572,0.0108244174531967
"156",0.00726142910191669,0.00962848797709487,0.00887101887370367,0.0209036218900178,0.0110561199254837,0.0107351981917681,0.0580084025507685,0.0157738215147788,0.0105344555274693,0.02150922657409,0.0153171128461933,0.01132267308831
"157",0.00264267799291047,0.00456891481374975,0.0053851094285098,0.00873047914238956,0.00769254495370195,0.00910558827172702,0.011179349952065,0.0091056861830721,0.00885627779905386,0.012596746250862,0.00893302468854294,0.00865426905487131
"158",0.00671077604047274,0.0109611355861139,0.00969250176048563,0.0189636453026044,0.012308033508819,0.0119924303924131,0.0495501429297247,0.0164152792061361,0.0112809278264985,0.0235153252369802,0.0144616179993594,0.0127903925573389
"159",0.00464749572396966,0.0115913540299946,0.00958454871954234,0.0217419440546245,0.0117056632378837,0.0122002394918988,0.0398547942107904,0.0134292507487216,0.0101612676882653,0.0244807287673553,0.0133069145066791,0.0102471282507323
"160",0.00464136734335982,0.00892188522142907,0.00766694672189812,0.0109378440558826,0.0100320717725003,0.0101718825983228,0.0125351340096858,0.0123286791314419,0.0100583040939222,0.0117458351151896,0.0104930206933492,0.0110980894294823
"161",0.00310423287196598,0.00403518916513257,0.00523559810033692,0.00992980811089994,0.00803799142654333,0.00911710403129885,0.0101524444286884,0.0106906300785664,0.00782864373387898,0.0132856253262296,0.00847945728592388,0.00851281229804531
"162",0.0026789045738344,0.00386303764047981,0.00445337759537694,0.00821989409914895,0.00769798412508768,0.00907747114600032,0.0112678217633405,0.0101331827488091,0.00802557393125161,0.00920649363362781,0.00994725536731054,0.0105331998648558
"163",0.00325608378560249,0.00459494238175173,0.00476448203467157,0.0109981965023118,0.00776224157003424,0.0103277487514707,0.0122852012579551,0.0110989484611007,0.00929742313863009,0.0092839737176005,0.0110076738058549,0.0104807915739755
"164",0.00499803659948345,0.00742081367808197,0.00637973532293907,0.0175331630717083,0.0102081606887291,0.0109985424726441,0.0266994305473851,0.0153251996507913,0.00993077632735787,0.0222515090913056,0.0157542780584809,0.0122659924396256
"165",0.00354580181972578,0.00770942503396724,0.00737874067922937,0.0132081600119263,0.00997131563272312,0.00934923687787841,0.0196123920916929,0.0181605069231222,0.00890964222104192,0.0155023620017426,0.011700687906899,0.0114454937967259
"166",0.0067249678174262,0.0104283353431813,0.00825373117477085,0.0129417647246579,0.0123062205134679,0.0118404433627579,0.0135498361106073,0.0155614770383266,0.010236223824823,0.0154907731380766,0.0120974372696809,0.0105830260313867
"167",0.00562308456393399,0.015135400755358,0.00925215386130786,0.0172795512153112,0.0126484156149212,0.0119533139833712,0.0207714375524142,0.0210893636824657,0.0122135909716344,0.0223720526983347,0.0138268000176138,0.0120371033949345
"168",0.00282214091306111,0.00428289489307174,0.00727443041295835,0.0100816713213102,0.00743241954234137,0.00818217508054448,0.0104282769377672,0.012208740310301,0.00792641235554492,0.0257952396077507,0.0108190228946348,0.00883565944256533
"169",0.00567743642886002,0.0154740501001993,0.011040673738346,0.0137542087749418,0.0137590143924387,0.0136309042252302,0.0201384757116529,0.0208627740807781,0.0125056323997165,0.0188066906015624,0.0230579453353037,0.0121687131041261
"170",0.00401283039656559,0.00919460459528222,0.00852316033740977,0.0127945930342457,0.0132038661437708,0.0126634112404199,0.0177063233317878,0.0213179570997252,0.0107139280443829,0.0262825910626689,0.0200953095399742,0.0124337757225048
"171",0.00569467524631329,0.0123578613148899,0.010085871962671,0.0117642012324577,0.011383525002686,0.0109194154321065,0.0136181288300842,0.0123000898007894,0.011919432727595,0.0248626893861429,0.0120948270163106,0.0122333220313022
"172",0.00249385887637909,0.00473242783748654,0.00641605046487152,0.00969062335911925,0.00796560277716845,0.00841020215145564,0.0107975617772311,0.0105149058146303,0.00856561800122504,0.0210298586455304,0.00978891884947728,0.0101778328707415
"173",0.00256859399467978,0.00463032453217625,0.00464073385120469,0.0084938413206858,0.00716394250469142,0.00776979504019446,0.0100637518805164,0.0084053191363824,0.00857425580030104,0.0121850609589149,0.00837422536757982,0.00877304750811761
"174",0.00249389403586947,0.00441768178588123,0.00518891166980655,0.00862721795520229,0.00693547190493048,0.00822880357467113,0.0114664510503804,0.00983174542971345,0.00825352830466294,0.0146339272261081,0.0105997146801554,0.0111229428809945
"175",0.00395334441510192,0.00635578853560567,0.00743595250329927,0.0109374632147184,0.0160974313766052,0.010756233862464,0.0139517131769924,0.0361345677221724,0.0108473894378249,0.019190449060649,0.0221568854784094,0.0115745219188288
"176",0.00460393503099737,0.00914209972186679,0.0103190192995432,0.0129670436518384,0.0111773614552928,0.0104248753274238,0.0114476032205684,0.0137325257135824,0.0110646531815702,0.0183311761987907,0.0141493309641404,0.0126108319975642
"177",0.00622473584330538,0.0103211138021001,0.0110076111879031,0.013405193060943,0.0170140325304012,0.0129169094725168,0.0150307156479214,0.0408486130636285,0.0149229264731273,0.0167372205118961,0.0238086302245954,0.0141668501812622
"178",0.00623618571683008,0.00956255703025742,0.0139481853829245,0.0129562062371227,0.0172852690555014,0.0124502760434345,0.0133017634053648,0.0447970038326648,0.0155654203496169,0.0174915658071598,0.0238055038001952,0.0147961068450769
"179",0.00311447475201095,0.00490174727882285,0.0102194097772552,0.0122300518389073,0.00969286665353599,0.0102415598186603,0.0107611477948801,0.012169346421206,0.0103882128753539,0.018979088401606,0.0140079341733345,0.0133698877048573
"180",0.00384796082052362,0.00954785217853092,0.011994627420076,0.0139208136735966,0.0169981419100563,0.0159378010910209,0.0129497612190638,0.0562920262729295,0.0135128211594915,0.0183805925576083,0.0246577287750614,0.0182589763114586
"181",0.00449968932058271,0.00891176382126002,0.0101291966144665,0.0150898103026534,0.0136226612022156,0.011346660628433,0.0127126196904818,0.0411086225435921,0.0121456079498265,0.019578083336683,0.0227729823733053,0.01331041958268
"182",0.00552489790458223,0.00943043872007822,0.014148215010378,0.0140964928947966,0.0147199816109274,0.0123782044685182,0.0136126009491903,0.0214254280103128,0.0156534639332182,0.0201820466752685,0.0163069542292572,0.0143036957014042
"183",0.00251298209336366,0.00434256384846222,0.0062008546663632,0.0100681056667645,0.00803542252721412,0.00934131840851013,0.0103155089375845,0.00967755347057268,0.00868866482964655,0.011657257993859,0.013459489340112,0.0101038452897885
"184",0.00262813492108171,0.00396169923333411,0.00511991022966039,0.0105143388973627,0.00779370377230542,0.00860486610358627,0.0100649053085549,0.0102825440481763,0.00892410778836035,0.0102965471452805,0.00866608229537928,0.00888402908633132
"185",0.00269366230951949,0.00466546476768763,0.00773516073465272,0.0109874735109871,0.00770400661668772,0.00937757188345529,0.0115399732538892,0.0100707284825845,0.00973171520275291,0.0111006856909177,0.0106982525341676,0.0166195091734584
"186",0.00283554131157351,0.00572663860350756,0.00810431758588156,0.0100733233767263,0.0142358781143532,0.0106009980819841,0.0121438296555354,0.0232111108969138,0.0143565595784546,0.0108938268305811,0.0225995549130878,0.0183884739271783
"187",0.0044326037784546,0.00986236843681268,0.0111288200094275,0.0127831537956163,0.0142449143411066,0.0121120755919799,0.0163565551135502,0.0119130689810485,0.0152923461518895,0.0168768274989314,0.014407760920446,0.0124826274215887
"188",0.00507463829298238,0.0107399471170785,0.0114745893281774,0.0118240542080098,0.0155901282245182,0.0141706366527855,0.0161038101553359,0.0171840548588718,0.0166502455354637,0.0139878482441464,0.020392749665354,0.0181403854036814
"189",0.00421040723124371,0.009229730757373,0.0112368347586705,0.0115327441364964,0.0151923642782714,0.0121186054109503,0.0127813298163566,0.022215118563278,0.021061141133225,0.0160585440441006,0.0177205246779915,0.0158401875731259
"190",0.00291193544927938,0.0047984668501301,0.00513312279624312,0.0088824997463633,0.00789627612412411,0.00916361434665016,0.0116612504471072,0.00897538848574452,0.00861816547527236,0.0100976442411842,0.0105602990707494,0.00968564247199507
"191",0.00259775597729323,0.00901609038241572,0.00905917987015764,0.0083192880529996,0.0114772017369949,0.0137869425512908,0.0102676198648817,0.0175069692977291,0.0256375959348466,0.0123394507404439,0.0173808122085702,0.0181944121925415
"192",0.00421588911028751,0.00862631352649074,0.0115084934400862,0.011043719467003,0.013249527369888,0.0110132607736689,0.0122616277260964,0.0126639141151289,0.0110015438106315,0.0195054060600453,0.0123592526160269,0.0118298927333963
"193",0.00475824582879502,0.00936677519605818,0.0115395237097771,0.0108396104502324,0.0126182572123912,0.0148437648342064,0.0123349980244023,0.0171468165454537,0.0263510011614627,0.0133820063706461,0.016831523575134,0.0192229496020221
"194",0.00295831131389544,0.0041398996742859,0.00528885862605407,0.00893229321499253,0.00773406431304637,0.0080438009900893,0.00994546781036324,0.00877219577171444,0.00850852936755547,0.0104036271889782,0.00879569973608609,0.00928852302237983
"195",0.00274987592921349,0.00374650371031063,0.00609766412368665,0.00985733821302208,0.00762262510043659,0.00837483125122489,0.0108210062398988,0.00975453289030972,0.008321154364519,0.0182193509821676,0.00912464270124989,0.00908020421221153
"196",0.00248000225806787,0.00496135359824125,0.00534747404094897,0.00806273266092259,0.00787102519422357,0.0090606328267802,0.0109590601259569,0.00957235153015694,0.00820569097431932,0.0128475077412689,0.011223755554854,0.00945871565579169
"197",0.00392033080536271,0.00593281013180371,0.00782894635168672,0.0122842178181063,0.0081359365974704,0.0132780624137595,0.012827251662981,0.0107839287145169,0.0346032159685132,0.0155375498470586,0.0120041468983196,0.0210354418297604
"198",0.00473341903314093,0.0133820199952644,0.0138981460205273,0.011004419679269,0.0153298539070107,0.0153922678007723,0.0114998838993127,0.015271545033453,0.0246277081529147,0.0230632673410417,0.0136481325596181,0.0169631971102877
"199",0.00506892459172699,0.0109461490892087,0.0126075349557724,0.0121438188291871,0.0137816534789522,0.0182868604565992,0.0116962935226196,0.014197597768736,0.0468406245206287,0.0214669928631355,0.0172652255095122,0.028214575578443
"200",0.00464379966530342,0.010996102550761,0.0118258352891969,0.0110798288810618,0.0155137979854332,0.0197432157792578,0.0124481764679591,0.0156729638112684,0.0505671212236839,0.0168703868682091,0.0182483313371693,0.0244174001981341
"201",0.00391334237899569,0.00687951106902922,0.0066058567741522,0.0118610961260986,0.00936224296427541,0.0129708461285805,0.0123861205324293,0.0103060500749251,0.0110565972922458,0.014925139779396,0.0120747823809747,0.0111582668012636
"202",0.00272798831018311,0.00551477995380734,0.0089798882853542,0.00876459434053966,0.00849804626989274,0.0128223944311668,0.0105275229715035,0.00862312381562111,0.0595713818448254,0.0150686209045593,0.0102335610176076,0.0181071874194378
"203",0.00433637009430621,0.0106286316889248,0.0108700194007413,0.0124638559956201,0.0144134083830861,0.0148809807012249,0.0121934894935331,0.0131672587798838,0.0136807902920102,0.0177507225954359,0.0131005132266042,0.0128156972539789
"204",0.00424488268003001,0.0108754669097654,0.0105567044990179,0.0103902900241762,0.0137082508540915,0.0167788564269498,0.0110202374880648,0.0146797761501386,0.0514196961509819,0.0148404634977385,0.0160693682225922,0.0249820957368065
"205",0.00279880535783548,0.00383666314311116,0.00572155306846463,0.00854855202211568,0.00729907552087911,0.00791587998788564,0.0101942971795645,0.00941369220164439,0.00762024842627623,0.0142765111064982,0.00872256411267803,0.0105777698867626
"206",0.00304967326838056,0.00400114653118371,0.0068651557030348,0.00927896098385512,0.00744446022287245,0.00823835428628631,0.0136590455650956,0.0108388059335189,0.00910947009094554,0.0156325896939735,0.00960820950491316,0.00938918560651293
"207",0.00278840582784032,0.00437760144888419,0.00601419084830574,0.00992470472113043,0.0080051426755769,0.00903643003362698,0.0109335761475618,0.0109982357724814,0.00947009261523816,0.0149112171045342,0.010144189034864,0.0106443708144708
"208",0.0026593062419284,0.00428011758032191,0.00729767156621477,0.00892126612279277,0.00794099387686039,0.00846802043345706,0.0105369705980172,0.00837218495605061,0.00761457760525477,0.0129426519895244,0.00892899900982627,0.0120632721802103
"209",0.00459313332151073,0.0116443625224481,0.0144843787871862,0.0129547704060002,0.0161661612695936,0.015924389721519,0.0127350291986276,0.0178250765424534,0.0233378627148949,0.019875620785407,0.0196985553986624,0.0556680861755548
"210",0.00523965114062913,0.0109671662345507,0.0165432761305923,0.0143921680006212,0.0139573684506737,0.0151877805032993,0.0124770173333604,0.0163461669650648,0.0207353963153698,0.0150698048522796,0.0174922652306021,0.0584808611814822
"211",0.00419001196286304,0.00784264143516035,0.0096787886000671,0.0131690917266411,0.0125581165320614,0.0132431853161395,0.0118479883369583,0.0157679791963712,0.0192979522354964,0.0129276795099976,0.016264661272952,0.0542119123785417
"212",0.00344282469474473,0.00598483548739296,0.0058507960146109,0.0100999570837484,0.00798991824204857,0.00802590723417097,0.0107856784927354,0.0106973232117553,0.00919989719353469,0.0110807665666798,0.0112984795864053,0.00964059822084882
"213",0.00298150125385092,0.00510391237409792,0.00487812639731232,0.00972209475351114,0.006931518344729,0.00842480792533734,0.0112151661826345,0.0112962389453536,0.00876769259865656,0.0131014334859233,0.00927224654839612,0.0404499818888246
"214",0.00464928963936573,0.0119296843794894,0.0129644441725302,0.0123439017055696,0.0139329215657886,0.0157635603413662,0.0127029677246106,0.0150848566053113,0.0221334112207654,0.0151793381201022,0.0193008337913647,0.0557340958681267
"215",0.0047289342612613,0.00954339982411896,0.0122405817234259,0.0126151865494302,0.0132956113749923,0.018482925641123,0.0129564128052474,0.0159784435896163,0.0209571643849521,0.0137690401607612,0.0205684801747887,0.0595572518206152
"216",0.00265290990956834,0.00642128860441494,0.00541392006551365,0.0107130157473532,0.00908736365455855,0.00977375386154024,0.0114163752978812,0.010748714838008,0.0101306077932091,0.00912480467879663,0.00921317528649571,0.00923322509314121
"217",0.00297600386975682,0.00567613230317508,0.00599349453497937,0.0100575634860171,0.00958627389727392,0.00942307857288376,0.0121159587204645,0.00879931282009396,0.00991510235541488,0.01256946820341,0.0085667303812285,0.00969268105906905
"218",0.00247664375226216,0.00392530049257589,0.00425954600066416,0.00879409626084913,0.00634634025110286,0.00725866864572599,0.0111847936403292,0.00831060303205799,0.0080332695717937,0.00954027345976935,0.0082073946094515,0.00834116502532661
"219",0.00241209504561079,0.00474492034041197,0.00451075321347096,0.00829770664788008,0.00709839899179808,0.00776435286983201,0.011367395937996,0.00834393117729273,0.00757129032330899,0.00908627300435936,0.00837542135304244,0.00802754262577324
"220",0.00444648285920053,0.00971201642617425,0.0112320901753824,0.0143744554564493,0.0116401536786281,0.0132936417056806,0.0111844243582104,0.0145354338055471,0.0180764199190408,0.0137732958658801,0.0143924344201191,0.0292571683516935
"221",0.00395728148793115,0.0091906402523838,0.0109655874157323,0.0115925275699956,0.0113809182690688,0.0180601792130405,0.0113422595818413,0.0139827108166699,0.0170342810438795,0.0163608037252377,0.0192087078966054,0.0293163212826424
"222",0.00345380673310833,0.00804961983513064,0.00857181268777824,0.0102194859580612,0.010144501178786,0.0123488475325891,0.0111361650655757,0.0138969929683064,0.0159498672303171,0.0164843366045154,0.0186669063093715,0.0250074074824838
"223",0.00348658243322369,0.00723539252311642,0.00814681643844277,0.0131477977133863,0.00971555263713385,0.00973975638579439,0.0110776592877649,0.0123846778602804,0.00992307604389209,0.0185187362573638,0.0127726865154323,0.0119068907874885
"224",0.00252039453572938,0.00415624100139271,0.00526569732630653,0.0116412515989584,0.00736492376827717,0.00880265005974636,0.0100534434963708,0.0105171890872178,0.010682588783651,0.0111687424713421,0.0106425657898313,0.0102739605386132
"225",0.00533821325073699,0.0108107448334268,0.0133086210617202,0.0120502400067526,0.0162061428805406,0.0138674396746566,0.0142994767325102,0.0180141938257616,0.0176315919601432,0.0227767935482127,0.0215222465349782,0.029023250764286
"226",0.00434030954323702,0.0107213071317505,0.0108717799075257,0.0113694375962207,0.0127316517247795,0.0124235409525552,0.0140843418423288,0.0176861278351329,0.0160513074985849,0.017506838778033,0.0251719106369813,0.0208794543462299
"227",0.00330782944263876,0.00536987417539484,0.0064682424312826,0.00909844565046186,0.00793351233367717,0.00832323908987539,0.0117413520087376,0.0112086691326222,0.00964157479957191,0.014423787729102,0.0120540672709729,0.0121698890526073
"228",0.00256550081277055,0.00433812084899263,0.00613616286372102,0.00865515158333437,0.0079695356206903,0.00796700576382951,0.010435063977317,0.00982850783037018,0.0102119971996469,0.0106879672812455,0.00985082977477211,0.011510392922842
"229",0.00259384088320239,0.00437745966894185,0.00440657438521642,0.00827036764629677,0.0090632058720853,0.00756990353040083,0.010190166679787,0.0095723349021891,0.00930885851932984,0.0138996526091799,0.00890991819618896,0.0101751269323039
"230",0.00273672998105581,0.00402517962066773,0.00699344389970973,0.00837384521542768,0.00756833631309554,0.00894978286122754,0.0109984074642853,0.00990245407252918,0.00862940350289049,0.0125867459303217,0.00958810327802274,0.00924898464648238
"231",0.004108908237954,0.00821229579469352,0.0106052107009551,0.0144987418380718,0.0139702994683653,0.0107346035944349,0.0124625619409008,0.0206331401810613,0.0109544469319065,0.0186985671930648,0.0638630763809767,0.0152253965917009
"232",0.00406584637460669,0.00843497177295655,0.00962278221810085,0.0135082744678133,0.0109926074701088,0.0113522241412131,0.013143111542021,0.0241127592994749,0.0108539826743297,0.0165553676033063,0.060588561178937,0.0164217002282139
"233",0.00407710402988962,0.0101423093555404,0.00852571327166802,0.0125495927484796,0.0118677691543081,0.0135015695760431,0.0148684216340687,0.0260577618481162,0.01303671054066,0.0176190937448006,0.0643327690732712,0.0207738456577653
"234",0.0046248742757589,0.00863014548809404,0.00813068009796783,0.0138549193487524,0.0112807202452418,0.00993039231932248,0.0119489537787537,0.0113355313486305,0.0100420585856285,0.0127336882429953,0.0136875917467784,0.0116723027444667
"235",0.00270552827501541,0.0037577753227778,0.0048119862067706,0.00862726660468599,0.00710677787409774,0.00795396403910815,0.0115571682571777,0.00887134635853983,0.00826071260112263,0.0100389187528473,0.00836010131053102,0.00868352696736103
"236",0.00499602011687885,0.011158724310549,0.0119879487493241,0.0133255186676834,0.0163212470630397,0.0122525494911343,0.0126005016034339,0.0247252008078812,0.0124285853339737,0.015894426766658,0.0745779073423937,0.0202614191687821
"237",0.00455154426992487,0.00861577624036222,0.0111023821243863,0.0120267841305871,0.0121961307735928,0.0102146856346199,0.0142140953539343,0.0228398958994988,0.0126307895849775,0.021713311688344,0.0616944498460484,0.013544585354399
"238",0.00293308749638644,0.00556826238375102,0.00614598892477401,0.0107925451085652,0.00772882596492173,0.00814712816131479,0.0120380629542642,0.00979526409444835,0.00838473065237713,0.0110814611437779,0.00946757752570561,0.0130703694708115
"239",0.00320138881806313,0.00482463189019732,0.00491915881240163,0.0105603216411665,0.00754995800348815,0.00912634394081822,0.0102258620183532,0.0101040334135541,0.00891545308242081,0.0146912109925064,0.0115500582305871,0.0124132050930943
"240",0.00333200364318187,0.00450822321178022,0.00549895248170683,0.00872179774456984,0.00920104304757832,0.00838574380095222,0.0116239112654379,0.00944441734412785,0.00897551316417459,0.0139299915526508,0.0113761798884778,0.00988351438847862
"241",0.00260390611915901,0.00427975486443748,0.00469572209804978,0.0081396881009484,0.00764794328236954,0.00762083858423246,0.0113514894083694,0.00845830865312106,0.00796082980048636,0.00986993902951538,0.011352767761619,0.00852433059048791
"242",0.00485063531386649,0.00966823759351759,0.00999982494036092,0.017091701247467,0.0156499603418283,0.010458647969478,0.0134791565554598,0.019130244196973,0.0127909208382838,0.0246172092041465,0.0337659809603722,0.0152214818570795
"243",0.00505499338291041,0.00982780629765576,0.0102651930148303,0.0139439822915476,0.0170286980524474,0.0124826491581074,0.0147462250097155,0.0203013676054944,0.0111691363194091,0.0198968241387664,0.0232438125104812,0.013075863668075
"244",0.00386657818913978,0.00689114600289817,0.00745728361445608,0.0117301518845834,0.0108288618981197,0.0108860598962996,0.012525501743438,0.0136561025067996,0.0104471773418377,0.0170985341495472,0.0207985087656886,0.0158054406587128
"245",0.00460265765098168,0.0101074033246879,0.00987326344225114,0.0117778885681188,0.0147110494524839,0.0118904253332773,0.0130678868440213,0.0137689930546129,0.0125623073819953,0.0169924562164684,0.0152503455000855,0.0149816358072725
"246",0.00264152342129498,0.00443223590410434,0.00688501735382093,0.00904250627061737,0.00942271687758472,0.00962186438335329,0.0120912268011279,0.0123471160823685,0.00860740398025294,0.0134724882952762,0.010357925260628,0.00993373645130544
"247",0.00720281521205802,0.00931558338656867,0.0133174653336781,0.0159093678391101,0.014895108757744,0.0145315408096295,0.0179802340384397,0.0190176909046045,0.0132008230689839,0.0312211576377451,0.0250022389021835,0.0191037627271889
"248",0.00477510928751312,0.00964608092964025,0.0112595621632384,0.0137633326864834,0.0118120425859221,0.0135977409421746,0.0139348809068224,0.014968082661302,0.0118008819703861,0.0281359682595957,0.0174499000593461,0.01654602979135
"249",0.00385117392139691,0.00645790434554579,0.00839839638033398,0.00979079314356542,0.0096774644835449,0.00968519160697621,0.0117812513873976,0.010227703512506,0.00881412105696511,0.0171271530314993,0.0100538105334344,0.0096389418570618
"250",0.00344188327301752,0.0047669349341819,0.00686644814533771,0.00961450873929761,0.00902689676645494,0.0104249938369539,0.0103825386390411,0.0101994474756938,0.00957501302852967,0.0162078869888923,0.00892365749314648,0.00954553527952128
"251",0.00328275827556584,0.00533561310412829,0.00558736586064484,0.00893183523857667,0.00814171156412964,0.0103249494633765,0.0104909858727307,0.00944728675544525,0.0102063640851684,0.0115515472296583,0.0111767651748854,0.0120651154935392
"252",0.00285093205603005,0.00543183053968812,0.00592472303266026,0.00823856209479732,0.00843656246479775,0.00877411624411499,0.0106103915896692,0.00904662837885944,0.00958751757562158,0.0137250819589411,0.0100964936643846,0.0115573536573633
"253",0.00477741216838101,0.00978086764266978,0.0089302932561073,0.0146911704365857,0.0110241074716955,0.0118444356648413,0.0182651210679873,0.0130155844883158,0.0100541487665948,0.0416471902609706,0.0136013968843934,0.0131130346805412
"254",0.00457640540032291,0.00726733522797705,0.00654810769750426,0.0155441552728257,0.00992211333191492,0.0138506638262732,0.0215935040245122,0.012970568014648,0.0101191985377744,0.0447319586887,0.0177850995805753,0.0148715176976659
"255",0.00459905256500583,0.00863570966781739,0.00731349312849957,0.011996464135381,0.00993580650979507,0.0117019024001916,0.0134665931508232,0.0108143913955364,0.00945792413570368,0.0142797442587574,0.0112329550190171,0.0104083651090448
"256",0.00611685338835063,0.00933271438506724,0.00968812523434103,0.018678828601933,0.0113359486783824,0.0100154326364398,0.022804805219479,0.014236168516108,0.0113029911355409,0.0456426647642535,0.013322636727519,0.0124319625341012
"257",0.00330060592430587,0.00475899108060134,0.00569339627319808,0.0111542939439075,0.00809830527929042,0.0086311380626548,0.0108104189152496,0.00923353159319011,0.00866198708764517,0.0150022509336615,0.00899123598685476,0.01317619121534
"258",0.00719646942783334,0.00876821043099693,0.00965578821452595,0.0183286279611785,0.0114191330817625,0.0139593427178054,0.0203844734945753,0.0145613870739265,0.0118495965371118,0.0585611840121135,0.0148161543092977,0.0109674729573539
"259",0.00512424559302967,0.0111282884557404,0.00904898765713217,0.0179435229857695,0.0108808974072932,0.0111508283184559,0.0229381348994438,0.0122357271249271,0.0103780375983726,0.0530374075882195,0.013793014683358,0.0120017879979335
"260",0.00381984352608796,0.00804105189736615,0.00802859962430732,0.0104327735308254,0.0106742103748931,0.00940484079563437,0.0174242957322914,0.01068690134684,0.00912597996368602,0.0117441521001494,0.00977071068300923,0.0102543680044942
"261",0.00278998230156511,0.0045238550138524,0.00460265567331627,0.00846122818239028,0.00789602361536182,0.00786510084141367,0.0122193375479922,0.00903314648214222,0.0079926657915063,0.0123106406626378,0.00910222164282188,0.00835833130381184
"262",0.00281863436639302,0.00430994911687018,0.00637409774894715,0.0111873242638042,0.00796548903323555,0.00777717224585977,0.0115948718427258,0.00858032178239537,0.00852642560953949,0.017792379951913,0.00826530947291555,0.00862830209814296
"263",0.00301924129846835,0.00455601765080917,0.00723619725258764,0.0111065832316136,0.00727673490016768,0.00879320639476973,0.0124424658366338,0.00938343946382684,0.00836464539128586,0.0197090859428644,0.00962028544171668,0.00853305014414523
"264",0.00249385694478881,0.004134669567853,0.00479741965653236,0.0100476186324413,0.00726495613253439,0.00785472203695808,0.0101019945240453,0.00902946075385488,0.00847446944799614,0.0104781670032991,0.0122065473484872,0.00959390780757473
"265",0.00250422491137131,0.00393567282081513,0.00442818166422425,0.00838328397413771,0.0070618774080166,0.00769965289273425,0.0108478409911671,0.00889403068899688,0.00833416323964416,0.00851802515860216,0.0102038509446147,0.00825825792788181
"266",0.00235290723761248,0.00373698439398534,0.00491876156726811,0.0088355499955738,0.00723060588324176,0.00821838253035883,0.010508552989686,0.00855301742577897,0.00824402183672441,0.00967944745912492,0.0111881934897322,0.008054255278681
"267",0.00257618371961689,0.00360495989327557,0.00452309747399089,0.00879889947381031,0.00663392834267833,0.0079787332117757,0.0121327391832421,0.00935008922118332,0.00835948266547237,0.0106057317459754,0.0105965248471929,0.00922092149539972
"268",0.00236062377394102,0.00408669155771097,0.00441698987192986,0.0082696411527756,0.00731870542943585,0.00799498361972096,0.0110795379376141,0.0100493755709467,0.00839358201570463,0.0114317330568068,0.0105701542312559,0.00790730905216567
"269",0.00265702307720062,0.00386430985821737,0.00444021165465671,0.00886083183140814,0.00786892752224195,0.00782306036327617,0.0105270196757845,0.00925222143394345,0.00796545161790431,0.0125140985070596,0.00975800622454931,0.00854850143964009
"270",0.00301947764862305,0.00419584665915918,0.00485094706012852,0.0119619700683368,0.00769071418259793,0.00881164279777046,0.0117673068156801,0.0125257043596074,0.00872180295124925,0.0135374579819891,0.0117424587039315,0.011245675158525
"271",0.012506699544945,0.0183459834624145,0.0150991045917996,0.0358942336280105,0.0200303601488284,0.0168970555101688,0.0421183195498798,0.0308356324941099,0.0173044060689726,0.0588134315680491,0.0274829648283117,0.0186958900873878
"272",0.0103883523222574,0.0145437107992414,0.0118736444894063,0.0181453180036877,0.0158828715075999,0.0126016769935066,0.0198411801064601,0.016318779702873,0.0142329591593656,0.0194632098603247,0.0146778828567783,0.015159177057905
"273",0.00266027846988651,0.00605370320073664,0.00651465787224114,0.00998771570833604,0.00816366097899191,0.00839717183834576,0.0111278976618957,0.0104176678757548,0.00841972660897999,0.0127743456208148,0.00869809975344213,0.0110124129111782
"274",0.00296901237778155,0.00485373174140844,0.00603459557529588,0.00950871477838344,0.0078990945036729,0.00833622437734218,0.0133413484987092,0.00934378433981995,0.00830328078564904,0.0116941831430007,0.0082194136146203,0.0085126431654277
"275",0.00297170565870086,0.0041023017002519,0.00530994963136071,0.00882181103981593,0.00857708383854461,0.00773927380800847,0.0123096691219893,0.00910692549893594,0.00829768831812547,0.013553871704904,0.00837645566665309,0.00876093483929616
"276",0.00236115799927546,0.00432621148712919,0.00560010023337002,0.00701557702543303,0.00666420170721916,0.00699284578449469,0.0092433780969441,0.00658101700634679,0.00681854063245629,0.00830119804906605,0.00703461243438685,0.00691205960698075
"277",0.000175198119826475,0.000287014586334383,0.00030130972675173,0.000579635473919139,0.00052664638967585,0.000544143975642726,0.000744080010171759,0.000557535650268347,0.000527457089129752,0.000943746799875091,0.000537420684832597,0.000548253296422987
"278",0.000214304109632486,0.000335369802947256,0.000563025235351674,0.000856816910540389,0.000571079316449452,0.000554122233609375,0.000839006936528715,0.000631674725358286,0.000527304883699997,0.00133825760429138,0.000637234378351783,0.000588274584706649
"279",0.00016669516963036,0.000256708133471001,0.000361518282928747,0.000597721088003298,0.00047039323920266,0.000476274900098009,0.000665527390727446,0.000625270207413989,0.000487333506254451,0.00112363479032231,0.000517050366901762,0.000523366359709822
"280",0.0157658850123533,0.0289896361462582,0.0214663504335617,0.0385757946199385,0.0266923622264365,0.0207357728872454,0.0435838710735085,0.031426838721556,0.0191485071265967,0.0725076511142212,0.0346100207057395,0.0224053492891996
"281",0.00671554920597318,0.0123238817572696,0.0117761926911006,0.0115903105881996,0.0115046530434915,0.0110748217303723,0.010870734211705,0.0119528838896579,0.00978448449458746,0.0130080519492716,0.0117681506324717,0.0101889331911753
"282",0.000903985321144643,0.00185581662067657,0.00170327743819943,0.00176599745057346,0.00175564150604706,0.0016093008395091,0.0015248569480752,0.0018572102809291,0.00152890429415064,0.00202777920157135,0.00184386819414018,0.00168381016176916
"283",0.000234139300745845,0.00047010888324992,0.000449109256702248,0.00062437898284927,0.000612477797118692,0.000614802269653763,0.000688115641929889,0.00064236214064912,0.000586009561554327,0.000858841038511774,0.000735406642100607,0.000685831833950688
"284",0.000157006430051377,0.000410246446638292,0.000309661109043155,0.000503627508521927,0.000536202647259405,0.000525946942826936,0.000681414759505192,0.000547769096529936,0.000525288767265881,0.000778999205549312,0.000663690265759834,0.000672921028046614
"285",0.000168057979719342,0.000380604490116052,0.000311491151041379,0.000527449751158081,0.000479368791214714,0.000470810074395981,0.000634390748721312,0.00054660470900515,0.000498431967891775,0.000554836280580095,0.000602025078370968,0.000581078979526801
"286",0.000155179244386655,0.00024181118263679,0.000280375832799196,0.000527327404168008,0.000455240218514522,0.000505837844259548,0.000622568585770652,0.000589649812252781,0.000493888955124187,0.000554578880414923,0.000502963530009936,0.000492840452548843
"287",0.000158480483773665,0.000331529958811016,0.000249724637871801,0.000565354121563311,0.000511617235992675,0.000493980670723225,0.000721165021662044,0.000556792542253362,0.000493645255450884,0.000683990970229918,0.000559961728332475,0.00054354577273844
"288",0.000161420202954501,0.000249434079929908,0.000317785913013646,0.000526297911855411,0.000461542346345735,0.000483883271477985,0.000718539679638846,0.000547661852654729,0.000502044839179387,0.000651244046078341,0.000478479723509156,0.000533389745744415
"289",0.000157677187178869,0.000250635192721178,0.000383380961177613,0.000575856756957022,0.000474724771546212,0.000514919956568002,0.000706181167161809,0.0006333748845527,0.000504030545921617,0.000877647269659148,0.000742319173052211,0.000616339293445662
"290",0.000181142157361263,0.000242800033048801,0.000289823069504148,0.00061052269186824,0.00044759312543819,0.000491399491621957,0.000723476991965868,0.000623605381472564,0.000492795117893316,0.000770695880337861,0.000511658600291776,0.000508943604530668
"291",0.000165050497716913,0.000244993686866909,0.000321506587330811,0.000535774956432369,0.000486618193051521,0.000460241097045421,0.000615248080528026,0.000699482786957704,0.000553708515653058,0.00067802244310621,0.000596648147966272,0.000686921767031561
"292",0.000160837413760817,0.000245216809770089,0.000312494532695823,0.000543324515988678,0.000524370259313621,0.000539668642966628,0.000757754483977443,0.000633509133130154,0.000520239605632886,0.000542730129703085,0.000747274251532706,0.000533779371682736
"293",0.000182441093299174,0.000324497437107913,0.00034680552944539,0.000589951005523588,0.000471894129684739,0.000546543447770587,0.000878883154979174,0.000713317820126676,0.000643573493362871,0.000936579790912245,0.000665630796544782,0.000548019845204618
"294",0.000170196548683123,0.000263693917179132,0.000382056025180777,0.000605486916769541,0.000484227750407043,0.000495428959588273,0.000721574718210501,0.000601471022778511,0.000540480851259962,0.00165055174150612,0.000576795082598541,0.000507739908559779
"295",0.000207450294952224,0.00027755583446501,0.000498268816529679,0.000713517239104718,0.000534684361113326,0.000565446879634342,0.000747995854100834,0.000617145116940469,0.000514120653843257,0.00160231649916272,0.000474538796950683,0.000602399272376356
"296",0.000170593788075208,0.000264801147787277,0.000306445331468109,0.000566087113127203,0.000484221709643524,0.000505928160502325,0.000636273356686005,0.000542728850444234,0.000505361059393513,0.000998158314708446,0.000598459531135065,0.000601213855014265
"297",0.000155884766465861,0.000230335178209179,0.000295790119959265,0.00055567853435866,0.000453619893482142,0.000477140813518533,0.000659600069269152,0.000523679584409088,0.000509492771290734,0.000715772656910247,0.000600898155666907,0.000665793271941087
"298",0.000156513211602865,0.000252970683131937,0.000282354473089681,0.000580196634459633,0.000468170013620398,0.000476732223267805,0.000868886974059188,0.000587337495927822,0.000494699293566944,0.000658853613671346,0.000563761272412734,0.000552432641052917
"299",0.000156771553073755,0.000292647649359979,0.000267523403169446,0.000614953772686286,0.000430189547949378,0.000466050923587462,0.000793957579454706,0.000624531165176533,0.000490371022601211,0.000744783056844324,0.000573703585051078,0.000517742336462689
"300",0.000387236583458558,0.000278644274800993,0.000237903112250483,0.000411870571010343,0.000302342173784084,0.000392317771911621,0.000381584168940345,0.000770577298670696,0.000318460259797911,0.000619354987203134,0.000276034148824504,0.000205326192444303
